Size, Time(ms), Size
5, 0.151799, 22
10, 0.390024, 42
20, 1.265379, 82
40, 5.12825, 162
80, 27.778032, 322
